{"cameraMode":{"drawMode":31,"name":"Sprite Mask","section":"Miscellaneous"},"sceneLighting":true,"audioPlay":false,"sceneViewState":{"showFog":true,"showMaterialUpdate":false,"showSkybox":true,"showFlares":true,"showImageEffects":true,"showParticleSystems":true},"in2DMode":false,"pivot":{"x":-50.7492790222168,"y":-49.977272033691409,"z":58.69984436035156},"rotation":{"x":-0.26132485270500185,"y":0.34491610527038576,"z":-0.10059728473424912,"w":-0.8959081172943115},"size":113.3785400390625,"orthographic":false}