{"cameraMode":{"drawMode":31,"name":"Sprite Mask","section":"Miscellaneous"},"sceneLighting":true,"audioPlay":false,"sceneViewState":{"showFog":true,"showMaterialUpdate":false,"showSkybox":true,"showFlares":true,"showImageEffects":true,"showParticleSystems":true},"in2DMode":false,"pivot":{"x":2.5714030265808107,"y":6.99431848526001,"z":-4.189447402954102},"rotation":{"x":0.29794687032699587,"y":-0.3501063287258148,"z":0.11852317303419113,"w":0.8801606297492981},"size":6.237171649932861,"orthographic":false}