{"cameraMode":{"drawMode":31,"name":"Sprite Mask","section":"Miscellaneous"},"sceneLighting":true,"audioPlay":false,"sceneViewState":{"showFog":true,"showMaterialUpdate":false,"showSkybox":true,"showFlares":true,"showImageEffects":true,"showParticleSystems":true},"in2DMode":false,"pivot":{"x":7.2464680671691898,"y":4.950594902038574,"z":-8.043288230895996},"rotation":{"x":-0.2390354871749878,"y":0.36647629737854006,"z":-0.0980045348405838,"w":-0.8938429951667786},"size":1.550658106803894,"orthographic":false}