{"cameraMode":{"drawMode":31,"name":"Sprite Mask","section":"Miscellaneous"},"sceneLighting":true,"audioPlay":false,"sceneViewState":{"showFog":true,"showMaterialUpdate":false,"showSkybox":true,"showFlares":true,"showImageEffects":true,"showParticleSystems":true},"in2DMode":false,"pivot":{"x":0.030917389318346978,"y":6.755976676940918,"z":-10.567374229431153},"rotation":{"x":0.36262238025665285,"y":-0.26346153020858767,"z":0.10766314715147019,"w":0.8874556422233582},"size":6.237171649932861,"orthographic":false}